{"cameraMode":{"drawMode":0,"name":"Shaded","section":"Shading Mode"},"sceneLighting":true,"audioPlay":false,"sceneViewState":{"m_AlwaysRefresh":false,"showFog":true,"showSkybox":true,"showFlares":true,"showImageEffects":true,"showParticleSystems":true,"showVisualEffectGraphs":true,"m_FxEnabled":true},"in2DMode":false,"pivot":{"x":123.45358276367188,"y":97.3550796508789,"z":-15.445785522460938},"rotation":{"x":-0.008386866189539433,"y":0.04036754369735718,"z":-0.0009214440360665321,"w":-0.9993376135826111},"size":164.74896240234376,"orthographic":true}