{"cameraMode":{"drawMode":0,"name":"Shaded","section":"Shading Mode"},"sceneLighting":false,"audioPlay":false,"sceneViewState":{"m_AlwaysRefresh":false,"showFog":true,"showSkybox":false,"showFlares":true,"showImageEffects":true,"showParticleSystems":true,"showVisualEffectGraphs":true,"m_FxEnabled":true},"in2DMode":false,"pivot":{"x":-3.9664974212646486,"y":24.443729400634767,"z":295.74151611328127},"rotation":{"x":-0.22269172966480256,"y":-0.5050904750823975,"z":0.12958723306655885,"w":-0.8242424130439758},"size":8.110109329223633,"orthographic":true}