{"cameraMode":{"drawMode":0,"name":"Shaded","section":"Shading Mode"},"sceneLighting":false,"audioPlay":false,"sceneViewState":{"m_AlwaysRefresh":false,"showFog":true,"showSkybox":false,"showFlares":true,"showImageEffects":true,"showParticleSystems":true,"showVisualEffectGraphs":true,"m_FxEnabled":true},"in2DMode":false,"pivot":{"x":37.04500198364258,"y":21.469999313354493,"z":196.49000549316407},"rotation":{"x":0.47777363657951357,"y":0.091423399746418,"z":-0.045896925032138827,"w":0.8729222416877747},"size":5.3245344161987309,"orthographic":true}