{"cameraMode":{"drawMode":0,"name":"Shaded","section":"Shading Mode"},"sceneLighting":false,"audioPlay":false,"sceneViewState":{"m_AlwaysRefresh":false,"showFog":true,"showSkybox":false,"showFlares":true,"showImageEffects":true,"showParticleSystems":true,"showVisualEffectGraphs":true,"m_FxEnabled":true},"in2DMode":false,"pivot":{"x":-26.385095596313478,"y":-5.347312927246094,"z":75.40143585205078},"rotation":{"x":0.14451174437999726,"y":0.08036062121391297,"z":0.011768510565161705,"w":-0.9861811399459839},"size":4.603816032409668,"orthographic":true}