{"cameraMode":{"drawMode":0,"name":"Shaded","section":"Shading Mode"},"sceneLighting":false,"audioPlay":false,"sceneViewState":{"m_AlwaysRefresh":false,"showFog":true,"showSkybox":false,"showFlares":true,"showImageEffects":true,"showParticleSystems":true,"showVisualEffectGraphs":true,"m_FxEnabled":true},"in2DMode":false,"pivot":{"x":1.3479995727539063,"y":-1.249563217163086,"z":92.97128295898438},"rotation":{"x":0.19624212384223939,"y":0.009335746057331562,"z":0.001899002119898796,"w":0.9809252023696899},"size":0.8682994246482849,"orthographic":true}