{"cameraMode":{"drawMode":0,"name":"Shaded","section":"Shading Mode"},"sceneLighting":true,"audioPlay":false,"sceneViewState":{"m_AlwaysRefresh":false,"showFog":true,"showSkybox":true,"showFlares":true,"showImageEffects":true,"showParticleSystems":true,"showVisualEffectGraphs":true,"m_FxEnabled":true},"in2DMode":false,"pivot":{"x":18.807357788085939,"y":2.2781262397766115,"z":92.42227172851563},"rotation":{"x":-0.29399529099464419,"y":0.16355092823505402,"z":-0.05112443491816521,"w":-0.9403945803642273},"size":28.201478958129884,"orthographic":true}