{"cameraMode":{"drawMode":0,"name":"Shaded","section":"Shading Mode"},"sceneLighting":true,"audioPlay":false,"sceneViewState":{"m_AlwaysRefresh":false,"showFog":true,"showSkybox":true,"showFlares":true,"showImageEffects":true,"showParticleSystems":true,"showVisualEffectGraphs":true,"m_FxEnabled":true},"in2DMode":false,"pivot":{"x":-0.9015880823135376,"y":251.0772247314453,"z":-225.2938995361328},"rotation":{"x":-0.3602078855037689,"y":-0.015347057022154332,"z":0.0045524099841713909,"w":-0.9330699443817139},"size":24.23110008239746,"orthographic":true}