{"cameraMode":{"drawMode":0,"name":"Shaded","section":"Shading Mode"},"sceneLighting":false,"audioPlay":false,"sceneViewState":{"m_AlwaysRefresh":false,"showFog":true,"showSkybox":false,"showFlares":true,"showImageEffects":true,"showParticleSystems":true,"showVisualEffectGraphs":true,"m_FxEnabled":true},"in2DMode":false,"pivot":{"x":-1.1505770683288575,"y":3.4978151321411135,"z":0.28889158368110659},"rotation":{"x":0.25870227813720705,"y":-0.07217645645141602,"z":0.021076494827866555,"w":0.9632651209831238},"size":20.7526912689209,"orthographic":false}