{"cameraMode":{"drawMode":0,"name":"Shaded","section":"Shading Mode"},"sceneLighting":false,"audioPlay":false,"sceneViewState":{"m_AlwaysRefresh":false,"showFog":true,"showSkybox":false,"showFlares":true,"showImageEffects":true,"showParticleSystems":true,"showVisualEffectGraphs":true,"m_FxEnabled":true},"in2DMode":false,"pivot":{"x":-26.36766815185547,"y":-5.3509697914123539,"z":75.40214538574219},"rotation":{"x":-0.04218722879886627,"y":-0.047151755541563037,"z":-0.0028605686966329815,"w":-0.9983677864074707},"size":8.052239418029786,"orthographic":true}